<?xml version="1.0" encoding="UTF-8"?>
<project-private xmlns="http://www.netbeans.org/ns/project-private/1">
    <editor-bookmarks xmlns="http://www.netbeans.org/ns/editor-bookmarks/2" lastBookmarkId="0"/>
    <open-files xmlns="http://www.netbeans.org/ns/projectui-open-files/2">
        <group>
            <file>file:/C:/Users/asus/Documents/NetBeansProjects/GF%20DAILY%20PLAN/src/Controller/AlarmController.java</file>
            <file>file:/C:/Users/asus/Documents/NetBeansProjects/GF%20DAILY%20PLAN/src/Controller/DailyPlanController.java</file>
            <file>file:/C:/Users/asus/Documents/NetBeansProjects/GF%20DAILY%20PLAN/src/Controller/NutritionController.java</file>
            <file>file:/C:/Users/asus/Documents/NetBeansProjects/GF%20DAILY%20PLAN/src/Controller/StopwatchController.java</file>
            <file>file:/C:/Users/asus/Documents/NetBeansProjects/GF%20DAILY%20PLAN/src/Controller/timer.java</file>
            <file>file:/C:/Users/asus/Documents/NetBeansProjects/GF%20DAILY%20PLAN/src/Model/AlarmModel.java</file>
            <file>file:/C:/Users/asus/Documents/NetBeansProjects/GF%20DAILY%20PLAN/src/Model/DailyPlan.java</file>
            <file>file:/C:/Users/asus/Documents/NetBeansProjects/GF%20DAILY%20PLAN/src/Model/Food.java</file>
            <file>file:/C:/Users/asus/Documents/NetBeansProjects/GF%20DAILY%20PLAN/src/util/JsonUtil.java</file>
            <file>file:/C:/Users/asus/Documents/NetBeansProjects/GF%20DAILY%20PLAN/src/util/LocalDateAdapter.java</file>
            <file>file:/C:/Users/asus/Documents/NetBeansProjects/GF%20DAILY%20PLAN/src/util/LocalDateTimeAdapter.java</file>
            <file>file:/C:/Users/asus/Documents/NetBeansProjects/GF%20DAILY%20PLAN/src/util/LocalTimeAdapter.java</file>
            <file>file:/C:/Users/asus/Documents/NetBeansProjects/GF%20DAILY%20PLAN/src/view/FormAlarm.java</file>
            <file>file:/C:/Users/asus/Documents/NetBeansProjects/GF%20DAILY%20PLAN/src/view/FormCalculator.java</file>
            <file>file:/C:/Users/asus/Documents/NetBeansProjects/GF%20DAILY%20PLAN/src/view/FormDailyPlan.java</file>
            <file>file:/C:/Users/asus/Documents/NetBeansProjects/GF%20DAILY%20PLAN/src/view/FormNotepad.java</file>
            <file>file:/C:/Users/asus/Documents/NetBeansProjects/GF%20DAILY%20PLAN/src/view/FormNutrition.java</file>
            <file>file:/C:/Users/asus/Documents/NetBeansProjects/GF%20DAILY%20PLAN/src/view/FormStopwatch.java</file>
            <file>file:/C:/Users/asus/Documents/NetBeansProjects/GF%20DAILY%20PLAN/src/view/FormUtama.java</file>
        </group>
    </open-files>
</project-private>
